{
    "user": [
        {
            "uid": "100088260339493",
            "countmsg": 33
        },
        {
            "uid": "100047128875560",
            "countmsg": 45
        },
        {
            "uid": "100088286371303",
            "countmsg": 17
        },
        {
            "uid": "100075493308135",
            "countmsg": 7
        },
        {
            "uid": "100061183894247",
            "countmsg": 11
        },
        {
            "uid": "100088334332155",
            "countmsg": 7
        },
        {
            "uid": "100083737554013",
            "countmsg": 5
        },
        {
            "uid": "100069554461385",
            "countmsg": 5
        },
        {
            "uid": "100053800224181",
            "countmsg": 0
        },
        {
            "uid": "100092900043090",
            "countmsg": 6
        },
        {
            "uid": "100057098383899",
            "countmsg": 0
        }
    ]
}