{
    "user": [
        {
            "uid": "61563144100648",
            "countmsg": 0
        },
        {
            "uid": "61558219527956",
            "countmsg": 6
        },
        {
            "uid": "100068070915645",
            "countmsg": 0
        },
        {
            "uid": "61551468206134",
            "countmsg": 1
        },
        {
            "uid": "100083853039562",
            "countmsg": 1
        },
        {
            "uid": "61554864356499",
            "countmsg": 2
        },
        {
            "uid": "100028212273330",
            "countmsg": 0
        },
        {
            "uid": "61553860236902",
            "countmsg": 3
        },
        {
            "uid": "525858962",
            "countmsg": 0
        },
        {
            "uid": "100090409194422",
            "countmsg": 0
        }
    ]
}