{
  "6438348046214987": {
    "namebox": "Newbie running bot | 2",
    "status": false
  },
  "6744060619034802": {
    "namebox": "ᴅɪᴠɪᴅᴇ ᴀɴᴅ ᴄᴏɴǫᴜᴇʀ ⁰⁷⁰⁷²³",
    "status": true
  },
  "4435255279905661": {
    "namebox": "🐾 𝑯𝑻𝑳 • 𝑯𝑨𝑪 𝑻𝑯𝑰𝑬𝑵 𝑲𝑼 🐾",
    "status": true
  },
  "6696710200414251": {
    "namebox": "Support, Test bot chat👾",
    "status": true
  },
  "24290150107267508": {
    "namebox": "bbmxh của hq 🥨",
    "status": true
  },
  "6419153621441235": {
    "namebox": ",",
    "status": true
  },
  "6998223250214714": {
    "namebox": "k",
    "status": false
  },
  "24239177229030236": {
    "namebox": null,
    "status": true
  },
  "23988531660791634": {
    "namebox": "☪.ℬᎯᏆᏆℒℰℛЅ",
    "status": true
  },
  "4463921930328788": {
    "namebox": "| 𝟏 |👑✨••𝐓𝐑𝐔̀𝐌 𝐌𝐀𝐅𝐈𝐀➳𝑻𝑴𝑭✿࿐••👑✨𝟮𝟳.𝟬𝟳.𝟮𝟬𝟮𝟭✨ 3 NĂM THẲNG TIẾN 🤡",
    "status": true
  },
  "6158569510938675": {
    "namebox": "Pink Panthers",
    "status": true
  },
  "7756585244415391": {
    "namebox": "Soul Takers arena of valor",
    "status": true
  },
  "4908518719226096": {
    "namebox": "#🍰𝐘𝐮𝐫𝐢_𝐭𝐞𝐚𝐦🐰🍰[180M]⇌#𝐎𝐫𝐫𝐞𝐧💐[36M]⇌#𝐖𝐱🍡[426M]",
    "status": true
  },
  "7279111238794511": {
    "namebox": "cn chố nhi",
    "status": true
  },
  "6830908386988312": {
    "namebox": ".",
    "status": true
  },
  "5644017988950410": {
    "namebox": "chuyển nhà=)))",
    "status": true
  },
  "6982932325086038": {
    "namebox": "NOTI TRONG PHẦN ẢNH",
    "status": true
  },
  "7978051062222740": {
    "namebox": null,
    "status": false
  },
  "6652265881471462": {
    "namebox": "PevPc NetWork",
    "status": true
  },
  "6272884602803031": {
    "namebox": "『Genshin Impact』",
    "status": true
  },
  "7102222933173600": {
    "namebox": "P̴̛͛̄̏̋̌̋̌͊̍̀̊̿̂̉̚̕͝­̛͑̉̆̍̔͐̌̐͊͒̏͐̏͛̌̌̆͝͝­̂̅̏͐͛̈́̋̏̃̑͋̋̀̈́̓̋̓̍̉̚­̛̂̓͋̓̉͑͒̅̎͛̊̽̅̈́͗̌͊̎͝­͐̍̒̈̄̄̈́̅̔̏͌͐̈͝͠áa",
    "status": false
  },
  "6878534095548019": {
    "namebox": "Chat Bot Community",
    "status": true
  },
  "7192805160847699": {
    "namebox": null,
    "status": true
  },
  "7295118980595323": {
    "namebox": "𝐁𝐋𝐔𝐄 𝐋𝐂",
    "status": true
  },
  "8146034048744383": {
    "namebox": "newbox me @Ng Ngọc Nhi",
    "status": true
  },
  "25184113827899832": {
    "namebox": "Gia Đình Kiểu Mẫu💅",
    "status": true
  },
  "6834871869889629": {
    "namebox": "PRIVATE.COM",
    "status": true
  },
  "7319747281396701": {
    "namebox": "𝐆𝐞𝐧𝐙 𝐃𝐚 𝐓𝐚̀𝐢",
    "status": true
  },
  "7269231063139981": {
    "namebox": "Từ Ghét Thành Yew🫰🏻",
    "status": true
  },
  "7413168302137025": {
    "namebox": "2S GỜ PÊ 🐧🐧🐧",
    "status": true
  },
  "24040188852263020": {
    "namebox": "Hội Thánh Đức Chúa Trời 👑",
    "status": true
  },
  "24878713961777078": {
    "namebox": "🧚🏿Oi Oi Oi 🧚🏿",
    "status": true
  },
  "7295941567161621": {
    "namebox": "Whitexsback",
    "status": true
  },
  "6156491741084969": {
    "namebox": "TN Đ.Cổ",
    "status": true
  },
  "25687056520907661": {
    "namebox": "box 👍",
    "status": true
  },
  "24201469499440179": {
    "namebox": "db:25/8 | Haikyuu 💕",
    "status": true
  },
  "7598638756849202": {
    "namebox": null,
    "status": true
  },
  "7957293220955845": {
    "namebox": "box Kiểm Ny 💞(Bff)",
    "status": true
  },
  "6934410079932080": {
    "namebox": "🐣ྀི DuckLucci🐣ྀི",
    "status": true
  },
  "7184831811639527": {
    "namebox": null,
    "status": true
  },
  "7231570333619708": {
    "namebox": "Đại Gia Tộc 5.0",
    "status": true
  },
  "8166717366672299": {
    "namebox": null,
    "status": true
  },
  "7296881990372049": {
    "namebox": "ghép gì v",
    "status": false
  },
  "7964263690253708": {
    "namebox": "AAAㅤACADEMY  (ID : 3054411601 ) 36/40",
    "status": true
  },
  "7291811037565765": {
    "namebox": "Dragon Team",
    "status": true
  },
  "7020509381372609": {
    "namebox": "💤💤💤",
    "status": true
  },
  "4239680622779154": {
    "namebox": "⚔️𝕲𝖊𝖓𝖙𝖑𝖊 𝕻𝖑𝖆𝖞𝖊𝖗𝖘⚔️",
    "status": true
  },
  "6473393676106835": {
    "namebox": "chạm đáy nỗi đau 💔(2day kh tt=kick)",
    "status": false
  },
  "7649409431790060": {
    "namebox": "Box All Star Tower Defense",
    "status": true
  },
  "25328712490109473": {
    "namebox": null,
    "status": false
  },
  "6252480631521865": {
    "namebox": "Nạn đói setlove AOV",
    "status": false
  },
  "6844164162326193": {
    "namebox": "🌷Anh Co Yeu Em Khong?",
    "status": true
  },
  "6613356208681289": {
    "namebox": "💤",
    "status": true
  },
  "5817083795019649": {
    "namebox": "𝘾𝙡𝙖𝙣 𝙁𝙖𝙢𝙞𝙡𝙮𝘿𝙤𝙣𝙪𝙩𝙨🎀",
    "status": true
  },
  "26385242291062841": {
    "namebox": "kskd",
    "status": true
  },
  "8915355085214505": {
    "namebox": "test bot",
    "status": true
  },
  "8951799401509986": {
    "namebox": "Oops•Team×BoxTổng",
    "status": true
  },
  "7245803712210137": {
    "namebox": null,
    "status": true
  },
  "9199764436708562": {
    "namebox": "Oops•Team²",
    "status": true
  },
  "8412463268869903": {
    "namebox": "Oops•Team™",
    "status": true
  },
  "28921320770800310": {
    "namebox": "Oops•Team³",
    "status": true
  },
  "9480819391950156": {
    "namebox": "BOT NGVANHUNG.",
    "status": true
  },
  "6139094946157322": {
    "namebox": "🌸 T26 - Vạn Thiên Hoa 🌸",
    "status": true
  },
  "6734610239927046": {
    "namebox": "Lồn Trâu Cặc Ngựa",
    "status": true
  },
  "8701935253192281": {
    "namebox": "17 Thái Bình [26/09/2024]😵‍💫",
    "status": true
  }
}