{
    "total": [
        {
            "id": "61571860343933",
            "count": 0
        },
        {
            "id": "100039815677373",
            "count": 197
        },
        {
            "id": "100047128875560",
            "count": 537
        },
        {
            "id": "100071030600195",
            "count": 77
        },
        {
            "id": "100068853485850",
            "count": 9
        }
    ],
    "week": [
        {
            "id": "61571860343933",
            "count": 0
        },
        {
            "id": "100039815677373",
            "count": 197
        },
        {
            "id": "100047128875560",
            "count": 537
        },
        {
            "id": "100071030600195",
            "count": 77
        },
        {
            "id": "100068853485850",
            "count": 9
        }
    ],
    "day": [
        {
            "id": "61571860343933",
            "count": 0
        },
        {
            "id": "100039815677373",
            "count": 197
        },
        {
            "id": "100047128875560",
            "count": 537
        },
        {
            "id": "100071030600195",
            "count": 77
        },
        {
            "id": "100068853485850",
            "count": 9
        }
    ],
    "time": 0
}