{
    "total": [
        {
            "id": "61550737826849",
            "count": 0
        },
        {
            "id": "61550776310483",
            "count": 1
        },
        {
            "id": "61551368531477",
            "count": 0
        },
        {
            "id": "61551591944338",
            "count": 0
        },
        {
            "id": "61552169116035",
            "count": 0
        },
        {
            "id": "61554296837064",
            "count": 0
        },
        {
            "id": "61554811269830",
            "count": 0
        },
        {
            "id": "61555480645265",
            "count": 0
        },
        {
            "id": "61557079390451",
            "count": 0
        },
        {
            "id": "61557475599251",
            "count": 1
        },
        {
            "id": "61558952094820",
            "count": 14
        },
        {
            "id": "61560019712188",
            "count": 1
        },
        {
            "id": "61560641666105",
            "count": 15
        },
        {
            "id": "61563061544229",
            "count": 0
        },
        {
            "id": "61563065024184",
            "count": 0
        },
        {
            "id": "61563678524971",
            "count": 0
        },
        {
            "id": "61565621610839",
            "count": 2
        },
        {
            "id": "61569566139233",
            "count": 14
        },
        {
            "id": "61569996641051",
            "count": 0
        },
        {
            "id": "61571451765115",
            "count": 0
        },
        {
            "id": "100004990333118",
            "count": 3
        },
        {
            "id": "100005344516608",
            "count": 0
        },
        {
            "id": "100006099916035",
            "count": 0
        },
        {
            "id": "100007034641956",
            "count": 1
        },
        {
            "id": "100007309848889",
            "count": 0
        },
        {
            "id": "100007454353507",
            "count": 0
        },
        {
            "id": "100008035538323",
            "count": 0
        },
        {
            "id": "100008104301887",
            "count": 0
        },
        {
            "id": "100008233982223",
            "count": 0
        },
        {
            "id": "100009460400696",
            "count": 0
        },
        {
            "id": "100010003922932",
            "count": 0
        },
        {
            "id": "100011315025815",
            "count": 0
        },
        {
            "id": "100011434964374",
            "count": 0
        },
        {
            "id": "100012833825389",
            "count": 17
        },
        {
            "id": "100015341654024",
            "count": 1
        },
        {
            "id": "100016715078390",
            "count": 10
        },
        {
            "id": "100016830759970",
            "count": 0
        },
        {
            "id": "100021704082152",
            "count": 0
        },
        {
            "id": "100021816069428",
            "count": 0
        },
        {
            "id": "100023677300957",
            "count": 4
        },
        {
            "id": "100024742189645",
            "count": 0
        },
        {
            "id": "100025339593024",
            "count": 0
        },
        {
            "id": "100025903923710",
            "count": 0
        },
        {
            "id": "100027038011075",
            "count": 0
        },
        {
            "id": "100027117472694",
            "count": 0
        },
        {
            "id": "100027786850702",
            "count": 0
        },
        {
            "id": "100028256323033",
            "count": 0
        },
        {
            "id": "100028866134500",
            "count": 0
        },
        {
            "id": "100031733977706",
            "count": 12
        },
        {
            "id": "100034764436959",
            "count": 0
        },
        {
            "id": "100035775074189",
            "count": 0
        },
        {
            "id": "100036405159527",
            "count": 0
        },
        {
            "id": "100036867802258",
            "count": 0
        },
        {
            "id": "100037017965452",
            "count": 0
        },
        {
            "id": "100037156669846",
            "count": 144
        },
        {
            "id": "100037912927777",
            "count": 82
        },
        {
            "id": "100038225054588",
            "count": 9
        },
        {
            "id": "100038558533461",
            "count": 0
        },
        {
            "id": "100039815677373",
            "count": 190
        },
        {
            "id": "100041693900976",
            "count": 0
        },
        {
            "id": "100041801402823",
            "count": 0
        },
        {
            "id": "100042077344942",
            "count": 16
        },
        {
            "id": "100043446470059",
            "count": 35
        },
        {
            "id": "100043533524349",
            "count": 0
        },
        {
            "id": "100044763393305",
            "count": 12
        },
        {
            "id": "100047128875560",
            "count": 283
        },
        {
            "id": "100047657085339",
            "count": 0
        },
        {
            "id": "100049744472574",
            "count": 0
        },
        {
            "id": "100050113670679",
            "count": 0
        },
        {
            "id": "100050638561428",
            "count": 2
        },
        {
            "id": "100052006867267",
            "count": 0
        },
        {
            "id": "100052633515656",
            "count": 0
        },
        {
            "id": "100053397737438",
            "count": 0
        },
        {
            "id": "100055253088135",
            "count": 0
        },
        {
            "id": "100055979606379",
            "count": 0
        },
        {
            "id": "100056831546136",
            "count": 0
        },
        {
            "id": "100058560856512",
            "count": 14
        },
        {
            "id": "100059423056789",
            "count": 0
        },
        {
            "id": "100060759925313",
            "count": 0
        },
        {
            "id": "100062600280470",
            "count": 0
        },
        {
            "id": "100062912811636",
            "count": 0
        },
        {
            "id": "100063831063462",
            "count": 8
        },
        {
            "id": "100063835436529",
            "count": 0
        },
        {
            "id": "100064042429385",
            "count": 0
        },
        {
            "id": "100065647163827",
            "count": 0
        },
        {
            "id": "100065765707295",
            "count": 0
        },
        {
            "id": "100066038119553",
            "count": 0
        },
        {
            "id": "100067539260329",
            "count": 0
        },
        {
            "id": "100068853485850",
            "count": 62
        },
        {
            "id": "100069347564162",
            "count": 0
        },
        {
            "id": "100070032696933",
            "count": 0
        },
        {
            "id": "100070379913027",
            "count": 0
        },
        {
            "id": "100070674085830",
            "count": 0
        },
        {
            "id": "100070907512236",
            "count": 0
        },
        {
            "id": "100073164126961",
            "count": 0
        },
        {
            "id": "100074625567112",
            "count": 24
        },
        {
            "id": "100075085085033",
            "count": 0
        },
        {
            "id": "100075301506532",
            "count": 0
        },
        {
            "id": "100075792317875",
            "count": 0
        },
        {
            "id": "100075959589963",
            "count": 0
        },
        {
            "id": "100076173157615",
            "count": 0
        },
        {
            "id": "100076471361918",
            "count": 0
        },
        {
            "id": "100077030513117",
            "count": 0
        },
        {
            "id": "100080369923878",
            "count": 0
        },
        {
            "id": "100080429705757",
            "count": 0
        },
        {
            "id": "100081808195977",
            "count": 0
        },
        {
            "id": "100082162883964",
            "count": 0
        },
        {
            "id": "100084164155366",
            "count": 0
        },
        {
            "id": "100087516491678",
            "count": 0
        },
        {
            "id": "100088691001531",
            "count": 0
        },
        {
            "id": "100088954273212",
            "count": 0
        },
        {
            "id": "100088988201388",
            "count": 0
        },
        {
            "id": "100090019122628",
            "count": 57
        },
        {
            "id": "100090986713695",
            "count": 42
        },
        {
            "id": "100091258961247",
            "count": 1
        },
        {
            "id": "100092551403417",
            "count": 0
        },
        {
            "id": "100093863071388",
            "count": 0
        },
        {
            "id": "100094315311914",
            "count": 0
        },
        {
            "id": "100095361977391",
            "count": 0
        },
        {
            "id": "100022778436059",
            "count": 32
        },
        {
            "id": "100034934694184",
            "count": 143
        },
        {
            "id": "100066446703152",
            "count": 81
        },
        {
            "id": "61559070404757",
            "count": 48
        },
        {
            "id": "100063266995843",
            "count": 4
        },
        {
            "id": "100009660223311",
            "count": 56
        },
        {
            "id": "100014416710606",
            "count": 1
        },
        {
            "id": "100037330564316",
            "count": 3
        }
    ],
    "week": [
        {
            "id": "61550737826849",
            "count": 0
        },
        {
            "id": "61550776310483",
            "count": 1
        },
        {
            "id": "61551368531477",
            "count": 0
        },
        {
            "id": "61551591944338",
            "count": 0
        },
        {
            "id": "61552169116035",
            "count": 0
        },
        {
            "id": "61554296837064",
            "count": 0
        },
        {
            "id": "61554811269830",
            "count": 0
        },
        {
            "id": "61555480645265",
            "count": 0
        },
        {
            "id": "61557079390451",
            "count": 0
        },
        {
            "id": "61557475599251",
            "count": 1
        },
        {
            "id": "61558952094820",
            "count": 14
        },
        {
            "id": "61560019712188",
            "count": 1
        },
        {
            "id": "61560641666105",
            "count": 15
        },
        {
            "id": "61563061544229",
            "count": 0
        },
        {
            "id": "61563065024184",
            "count": 0
        },
        {
            "id": "61563678524971",
            "count": 0
        },
        {
            "id": "61565621610839",
            "count": 2
        },
        {
            "id": "61569566139233",
            "count": 14
        },
        {
            "id": "61569996641051",
            "count": 0
        },
        {
            "id": "61571451765115",
            "count": 0
        },
        {
            "id": "100004990333118",
            "count": 3
        },
        {
            "id": "100005344516608",
            "count": 0
        },
        {
            "id": "100006099916035",
            "count": 0
        },
        {
            "id": "100007034641956",
            "count": 1
        },
        {
            "id": "100007309848889",
            "count": 0
        },
        {
            "id": "100007454353507",
            "count": 0
        },
        {
            "id": "100008035538323",
            "count": 0
        },
        {
            "id": "100008104301887",
            "count": 0
        },
        {
            "id": "100008233982223",
            "count": 0
        },
        {
            "id": "100009460400696",
            "count": 0
        },
        {
            "id": "100010003922932",
            "count": 0
        },
        {
            "id": "100011315025815",
            "count": 0
        },
        {
            "id": "100011434964374",
            "count": 0
        },
        {
            "id": "100012833825389",
            "count": 17
        },
        {
            "id": "100015341654024",
            "count": 1
        },
        {
            "id": "100016715078390",
            "count": 10
        },
        {
            "id": "100016830759970",
            "count": 0
        },
        {
            "id": "100021704082152",
            "count": 0
        },
        {
            "id": "100021816069428",
            "count": 0
        },
        {
            "id": "100023677300957",
            "count": 4
        },
        {
            "id": "100024742189645",
            "count": 0
        },
        {
            "id": "100025339593024",
            "count": 0
        },
        {
            "id": "100025903923710",
            "count": 0
        },
        {
            "id": "100027038011075",
            "count": 0
        },
        {
            "id": "100027117472694",
            "count": 0
        },
        {
            "id": "100027786850702",
            "count": 0
        },
        {
            "id": "100028256323033",
            "count": 0
        },
        {
            "id": "100028866134500",
            "count": 0
        },
        {
            "id": "100031733977706",
            "count": 12
        },
        {
            "id": "100034764436959",
            "count": 0
        },
        {
            "id": "100035775074189",
            "count": 0
        },
        {
            "id": "100036405159527",
            "count": 0
        },
        {
            "id": "100036867802258",
            "count": 0
        },
        {
            "id": "100037017965452",
            "count": 0
        },
        {
            "id": "100037156669846",
            "count": 144
        },
        {
            "id": "100037912927777",
            "count": 82
        },
        {
            "id": "100038225054588",
            "count": 9
        },
        {
            "id": "100038558533461",
            "count": 0
        },
        {
            "id": "100039815677373",
            "count": 190
        },
        {
            "id": "100041693900976",
            "count": 0
        },
        {
            "id": "100041801402823",
            "count": 0
        },
        {
            "id": "100042077344942",
            "count": 16
        },
        {
            "id": "100043446470059",
            "count": 35
        },
        {
            "id": "100043533524349",
            "count": 0
        },
        {
            "id": "100044763393305",
            "count": 12
        },
        {
            "id": "100047128875560",
            "count": 283
        },
        {
            "id": "100047657085339",
            "count": 0
        },
        {
            "id": "100049744472574",
            "count": 0
        },
        {
            "id": "100050113670679",
            "count": 0
        },
        {
            "id": "100050638561428",
            "count": 2
        },
        {
            "id": "100052006867267",
            "count": 0
        },
        {
            "id": "100052633515656",
            "count": 0
        },
        {
            "id": "100053397737438",
            "count": 0
        },
        {
            "id": "100055253088135",
            "count": 0
        },
        {
            "id": "100055979606379",
            "count": 0
        },
        {
            "id": "100056831546136",
            "count": 0
        },
        {
            "id": "100058560856512",
            "count": 14
        },
        {
            "id": "100059423056789",
            "count": 0
        },
        {
            "id": "100060759925313",
            "count": 0
        },
        {
            "id": "100062600280470",
            "count": 0
        },
        {
            "id": "100062912811636",
            "count": 0
        },
        {
            "id": "100063831063462",
            "count": 8
        },
        {
            "id": "100063835436529",
            "count": 0
        },
        {
            "id": "100064042429385",
            "count": 0
        },
        {
            "id": "100065647163827",
            "count": 0
        },
        {
            "id": "100065765707295",
            "count": 0
        },
        {
            "id": "100066038119553",
            "count": 0
        },
        {
            "id": "100067539260329",
            "count": 0
        },
        {
            "id": "100068853485850",
            "count": 62
        },
        {
            "id": "100069347564162",
            "count": 0
        },
        {
            "id": "100070032696933",
            "count": 0
        },
        {
            "id": "100070379913027",
            "count": 0
        },
        {
            "id": "100070674085830",
            "count": 0
        },
        {
            "id": "100070907512236",
            "count": 0
        },
        {
            "id": "100073164126961",
            "count": 0
        },
        {
            "id": "100074625567112",
            "count": 24
        },
        {
            "id": "100075085085033",
            "count": 0
        },
        {
            "id": "100075301506532",
            "count": 0
        },
        {
            "id": "100075792317875",
            "count": 0
        },
        {
            "id": "100075959589963",
            "count": 0
        },
        {
            "id": "100076173157615",
            "count": 0
        },
        {
            "id": "100076471361918",
            "count": 0
        },
        {
            "id": "100077030513117",
            "count": 0
        },
        {
            "id": "100080369923878",
            "count": 0
        },
        {
            "id": "100080429705757",
            "count": 0
        },
        {
            "id": "100081808195977",
            "count": 0
        },
        {
            "id": "100082162883964",
            "count": 0
        },
        {
            "id": "100084164155366",
            "count": 0
        },
        {
            "id": "100087516491678",
            "count": 0
        },
        {
            "id": "100088691001531",
            "count": 0
        },
        {
            "id": "100088954273212",
            "count": 0
        },
        {
            "id": "100088988201388",
            "count": 0
        },
        {
            "id": "100090019122628",
            "count": 57
        },
        {
            "id": "100090986713695",
            "count": 42
        },
        {
            "id": "100091258961247",
            "count": 1
        },
        {
            "id": "100092551403417",
            "count": 0
        },
        {
            "id": "100093863071388",
            "count": 0
        },
        {
            "id": "100094315311914",
            "count": 0
        },
        {
            "id": "100095361977391",
            "count": 0
        },
        {
            "id": "100022778436059",
            "count": 32
        },
        {
            "id": "100034934694184",
            "count": 143
        },
        {
            "id": "100066446703152",
            "count": 81
        },
        {
            "id": "61559070404757",
            "count": 48
        },
        {
            "id": "100063266995843",
            "count": 4
        },
        {
            "id": "100009660223311",
            "count": 56
        },
        {
            "id": "100014416710606",
            "count": 1
        },
        {
            "id": "100037330564316",
            "count": 3
        }
    ],
    "day": [
        {
            "id": "61550737826849",
            "count": 0
        },
        {
            "id": "61550776310483",
            "count": 1
        },
        {
            "id": "61551368531477",
            "count": 0
        },
        {
            "id": "61551591944338",
            "count": 0
        },
        {
            "id": "61552169116035",
            "count": 0
        },
        {
            "id": "61554296837064",
            "count": 0
        },
        {
            "id": "61554811269830",
            "count": 0
        },
        {
            "id": "61555480645265",
            "count": 0
        },
        {
            "id": "61557079390451",
            "count": 0
        },
        {
            "id": "61557475599251",
            "count": 1
        },
        {
            "id": "61558952094820",
            "count": 14
        },
        {
            "id": "61560019712188",
            "count": 1
        },
        {
            "id": "61560641666105",
            "count": 15
        },
        {
            "id": "61563061544229",
            "count": 0
        },
        {
            "id": "61563065024184",
            "count": 0
        },
        {
            "id": "61563678524971",
            "count": 0
        },
        {
            "id": "61565621610839",
            "count": 2
        },
        {
            "id": "61569566139233",
            "count": 14
        },
        {
            "id": "61569996641051",
            "count": 0
        },
        {
            "id": "61571451765115",
            "count": 0
        },
        {
            "id": "100004990333118",
            "count": 3
        },
        {
            "id": "100005344516608",
            "count": 0
        },
        {
            "id": "100006099916035",
            "count": 0
        },
        {
            "id": "100007034641956",
            "count": 1
        },
        {
            "id": "100007309848889",
            "count": 0
        },
        {
            "id": "100007454353507",
            "count": 0
        },
        {
            "id": "100008035538323",
            "count": 0
        },
        {
            "id": "100008104301887",
            "count": 0
        },
        {
            "id": "100008233982223",
            "count": 0
        },
        {
            "id": "100009460400696",
            "count": 0
        },
        {
            "id": "100010003922932",
            "count": 0
        },
        {
            "id": "100011315025815",
            "count": 0
        },
        {
            "id": "100011434964374",
            "count": 0
        },
        {
            "id": "100012833825389",
            "count": 17
        },
        {
            "id": "100015341654024",
            "count": 1
        },
        {
            "id": "100016715078390",
            "count": 10
        },
        {
            "id": "100016830759970",
            "count": 0
        },
        {
            "id": "100021704082152",
            "count": 0
        },
        {
            "id": "100021816069428",
            "count": 0
        },
        {
            "id": "100023677300957",
            "count": 4
        },
        {
            "id": "100024742189645",
            "count": 0
        },
        {
            "id": "100025339593024",
            "count": 0
        },
        {
            "id": "100025903923710",
            "count": 0
        },
        {
            "id": "100027038011075",
            "count": 0
        },
        {
            "id": "100027117472694",
            "count": 0
        },
        {
            "id": "100027786850702",
            "count": 0
        },
        {
            "id": "100028256323033",
            "count": 0
        },
        {
            "id": "100028866134500",
            "count": 0
        },
        {
            "id": "100031733977706",
            "count": 12
        },
        {
            "id": "100034764436959",
            "count": 0
        },
        {
            "id": "100035775074189",
            "count": 0
        },
        {
            "id": "100036405159527",
            "count": 0
        },
        {
            "id": "100036867802258",
            "count": 0
        },
        {
            "id": "100037017965452",
            "count": 0
        },
        {
            "id": "100037156669846",
            "count": 144
        },
        {
            "id": "100037912927777",
            "count": 82
        },
        {
            "id": "100038225054588",
            "count": 9
        },
        {
            "id": "100038558533461",
            "count": 0
        },
        {
            "id": "100039815677373",
            "count": 190
        },
        {
            "id": "100041693900976",
            "count": 0
        },
        {
            "id": "100041801402823",
            "count": 0
        },
        {
            "id": "100042077344942",
            "count": 16
        },
        {
            "id": "100043446470059",
            "count": 35
        },
        {
            "id": "100043533524349",
            "count": 0
        },
        {
            "id": "100044763393305",
            "count": 12
        },
        {
            "id": "100047128875560",
            "count": 283
        },
        {
            "id": "100047657085339",
            "count": 0
        },
        {
            "id": "100049744472574",
            "count": 0
        },
        {
            "id": "100050113670679",
            "count": 0
        },
        {
            "id": "100050638561428",
            "count": 2
        },
        {
            "id": "100052006867267",
            "count": 0
        },
        {
            "id": "100052633515656",
            "count": 0
        },
        {
            "id": "100053397737438",
            "count": 0
        },
        {
            "id": "100055253088135",
            "count": 0
        },
        {
            "id": "100055979606379",
            "count": 0
        },
        {
            "id": "100056831546136",
            "count": 0
        },
        {
            "id": "100058560856512",
            "count": 14
        },
        {
            "id": "100059423056789",
            "count": 0
        },
        {
            "id": "100060759925313",
            "count": 0
        },
        {
            "id": "100062600280470",
            "count": 0
        },
        {
            "id": "100062912811636",
            "count": 0
        },
        {
            "id": "100063831063462",
            "count": 8
        },
        {
            "id": "100063835436529",
            "count": 0
        },
        {
            "id": "100064042429385",
            "count": 0
        },
        {
            "id": "100065647163827",
            "count": 0
        },
        {
            "id": "100065765707295",
            "count": 0
        },
        {
            "id": "100066038119553",
            "count": 0
        },
        {
            "id": "100067539260329",
            "count": 0
        },
        {
            "id": "100068853485850",
            "count": 62
        },
        {
            "id": "100069347564162",
            "count": 0
        },
        {
            "id": "100070032696933",
            "count": 0
        },
        {
            "id": "100070379913027",
            "count": 0
        },
        {
            "id": "100070674085830",
            "count": 0
        },
        {
            "id": "100070907512236",
            "count": 0
        },
        {
            "id": "100073164126961",
            "count": 0
        },
        {
            "id": "100074625567112",
            "count": 24
        },
        {
            "id": "100075085085033",
            "count": 0
        },
        {
            "id": "100075301506532",
            "count": 0
        },
        {
            "id": "100075792317875",
            "count": 0
        },
        {
            "id": "100075959589963",
            "count": 0
        },
        {
            "id": "100076173157615",
            "count": 0
        },
        {
            "id": "100076471361918",
            "count": 0
        },
        {
            "id": "100077030513117",
            "count": 0
        },
        {
            "id": "100080369923878",
            "count": 0
        },
        {
            "id": "100080429705757",
            "count": 0
        },
        {
            "id": "100081808195977",
            "count": 0
        },
        {
            "id": "100082162883964",
            "count": 0
        },
        {
            "id": "100084164155366",
            "count": 0
        },
        {
            "id": "100087516491678",
            "count": 0
        },
        {
            "id": "100088691001531",
            "count": 0
        },
        {
            "id": "100088954273212",
            "count": 0
        },
        {
            "id": "100088988201388",
            "count": 0
        },
        {
            "id": "100090019122628",
            "count": 57
        },
        {
            "id": "100090986713695",
            "count": 42
        },
        {
            "id": "100091258961247",
            "count": 1
        },
        {
            "id": "100092551403417",
            "count": 0
        },
        {
            "id": "100093863071388",
            "count": 0
        },
        {
            "id": "100094315311914",
            "count": 0
        },
        {
            "id": "100095361977391",
            "count": 0
        },
        {
            "id": "100022778436059",
            "count": 32
        },
        {
            "id": "100034934694184",
            "count": 143
        },
        {
            "id": "100066446703152",
            "count": 81
        },
        {
            "id": "61559070404757",
            "count": 48
        },
        {
            "id": "100063266995843",
            "count": 4
        },
        {
            "id": "100009660223311",
            "count": 56
        },
        {
            "id": "100014416710606",
            "count": 1
        },
        {
            "id": "100037330564316",
            "count": 3
        }
    ],
    "time": 0
}