[
    {
        "name": "Oops•Team™",
        "id": {
            "100004494125720": "Oops•Leo",
            "100004990333118": "Oops•ChocoB",
            "100005344516608": "Oops•Mèoo",
            "100005479608989": "Oops•Vy",
            "100008104301887": "Oops•Kai",
            "100008233982223": "Wanth¥",
            "100009460400696": "S E N G",
            "100010003922932": "Oops•Toàn",
            "100010136085329": "Táo",
            "100011315025815": "Oops•Cray",
            "100011335407875": "Oops•Lyon༊",
            "100011434964374": "Oops•Tuaz",
            "100012655835688": "LiMyAi",
            "100015341654024": "Oops•Fussss",
            "100015963919124": "Bé Chi",
            "100016715078390": "Muối",
            "100023677300957": "Oops•Jun",
            "100025224214832": "Oops•Phú",
            "100025339593024": "Oops•ATn!",
            "100025893366397": "Mắm Tôm",
            "100025903923710": "Oops•Tâm",
            "100027117472694": "Oops•Hauer",
            "100027786850702": "Oops•Kyo",
            "100028256323033": "Oops•Chanh",
            "100028585425034": "-I'm•Tú-",
            "100031733977706": "Short",
            "100034934694184": "Khi nào giàu đổi tên 💝",
            "100035775074189": "Oops•Shin࿐",
            "100036504401341": "Opps•Yugi",
            "100037156669846": "Oops•Bơ",
            "100037303789995": "Oops•Trà+",
            "100037912927777": "Oops•Little",
            "100038225054588": "Oops•SoL",
            "100039815677373": "Oops•Nấm",
            "100040190061529": "Oops•Cherry",
            "100040481780019": "Oops•śɧⴁ",
            "100041325961015": "Meliodas",
            "100041801402823": "Oops•Aryanya",
            "100042918786120": "Oops•Mou",
            "100043446470059": "Oops•Tanso~",
            "100043533524349": "Oops•T.kin",
            "100043642212370": "ThảoSoCiu",
            "100043688663149": "a a a a a",
            "100044763393305": "Oops•нuʏ",
            "100047128875560": "Oops•Fat",
            "100047431868644": "Cindyz Wudi",
            "100049026181805": "Xthuynh",
            "100049744472574": "Oops•Palace",
            "100050113670679": "Oops•Go",
            "100050246031440": ".LiLy!",
            "100052006867267": "Oops•Lenッ",
            "100053127960844": ".Bia",
            "100053397737438": "Oops•Thành",
            "100058560856512": "Oops•GấuÚ",
            "100059423056789": "Oops•Yono!",
            "100060759925313": "Oops•Hí",
            "100062600280470": "Oops•Ghost",
            "100062912811636": "Oops•Ca Ca",
            "100063266995843": "Dior's•Fake",
            "100063340864707": "Oops•love",
            "100063835436529": "Oops•KhoaNDK",
            "100066038119553": "Oops•Kem",
            "100068853485850": "Oops•Yuri",
            "100070032696933": "Oops•座┊Kaauni",
            "100070379913027": "Oops•Emi098",
            "100070674085830": "Sứa",
            "100073381188628": "Oops•DaeVyx",
            "100074625567112": "Oops•Sâu",
            "100076433916406": "Oops•Carom*",
            "100076471361918": "Oops•Đìh",
            "100076512045733": "Oops•KhooiZ",
            "100080981013525": "【sƤ】丶Phúc",
            "100082162883964": "S i",
            "100083151162171": ".",
            "100083616442789": "Oops•NoWay",
            "100088988201388": "Oops•Kha",
            "100089020624034": "q.henji",
            "100090019122628": "Oops•Taind",
            "100091258961247": "Oops•Âu™",
            "100092548800409": "Oops•Heoヅ",
            "100095361977391": "Oops•王",
            "61550313265774": "Akaria",
            "61550737826849": "•|Vεηus",
            "61551109707793": "Oops•ßaøs",
            "61551591944338": "Oops•Nấm",
            "61553308202605": "TràDâu༢",
            "61557079390451": "Tuấn'anh",
            "61557475599251": "Oops•Hanz",
            "61559900757899": "Oops•DIG",
            "61560019712188": "annhien14",
            "61563061544229": "Oops•X.Tân",
            "61564552839028": "Rio",
            "61567126791272": "°草",
            "61569581511817": "Spaghetti!",
            "61571791915716": "bot"
        }
    }
]