[
    {
        "name": "Oops•Team×BoxTổng",
        "id": {
            "100021704082152": "Oops.Flyon",
            "100027038011075": "VA丶ŦÂℳ",
            "100033618884568": "『ᎽᎪᏁᎶ』",
            "100034934694184": "Khi nào giàu đổi tên ☺️",
            "100036405159527": "Date'w | Kina",
            "100036504401341": "Opps•Yugi",
            "100037156669846": "thù, hận, géc...boss(Nấm)",
            "100037912927777": "thích nói linh tinh mát mát tẻn tẻn",
            "100038225054588": "Oops•SoL",
            "100042077344942": "Oops•Yuki",
            "100043533524349": "Oops•Tkin",
            "100044763393305": "Huyk12",
            "100047128875560": "Đua gà nhất group",
            "100047657085339": "Xuân",
            "100056227534814": "Ông Chú 98",
            "100058560856512": "Oops•GấuÚ",
            "100062600280470": "Oops•Ghost",
            "100063340864707": "Opos•love",
            "100063553310347": "Oops•Champa",
            "100068853485850": "Oops•Yuri",
            "100070674085830": "Sứa",
            "100075959589963": "꧁༺Hu¥༻꧂",
            "100088954273212": "đạo hữu cày chay",
            "100088988201388": "Oops•Kha",
            "100091740953473": "Oops•Arin",
            "100095232855205": "Is.ruiN",
            "61550776310483": "Oops•Joii",
            "61560019712188": "Mẹ Già 98",
            "61571713199011": "[ / ] • Made by CatalizCS and SpermLord",
            "61571791915716": "[ . ] • Bot"
        }
    }
]